{
  "train_loss": [
    1.5793269429549637,
    1.2958370756503785,
    1.219543883007636,
    1.1746911855903304,
    1.1407789711991225,
    1.1183465664530274,
    1.0984589166630088,
    1.0798847711901438,
    1.0657834795606826,
    1.0518183358784379,
    1.036960825419858,
    1.0274066381953322,
    1.0158657873673163,
    1.0075813290809483,
    1.0035194588780474,
    0.9954389498151582,
    0.9944641311777607,
    0.9903351560383077,
    0.987147612992537,
    0.987534197675492
  ],
  "train_acc": [
    76.69452436406814,
    84.98881125268302,
    87.61200164406083,
    88.88158195186556,
    89.96300863131935,
    90.60601908937298,
    91.20975476092616,
    91.94227519751564,
    92.27656756633328,
    92.68484267251222,
    93.25752386171622,
    93.45115769283464,
    93.85851943188564,
    94.0868612138649,
    94.2567474996575,
    94.51888386536969,
    94.53532447367219,
    94.67598301137141,
    94.83673562588483,
    94.75270585011646
  ],
  "val_loss": [
    1.3079226439371532,
    1.21380427764568,
    1.1661898571572382,
    1.1356032871421957,
    1.1332778894540034,
    1.106760721801322,
    1.0776799378139434,
    1.067365853380768,
    1.0644174446037042,
    1.0479988187620968,
    1.036946535944105,
    1.0320420106807788,
    1.0280986431039574,
    1.0206498967739808,
    1.012473280891116,
    1.0094944009414086,
    1.0056158873862597,
    1.0065062768531567,
    1.0041429108673043,
    1.0036858557821153
  ],
  "val_acc": [
    83.97927158601561,
    86.70534997445442,
    88.09211006495876,
    88.69060652507116,
    88.87307495803226,
    89.76717027954165,
    90.63572002043647,
    90.93861761915188,
    90.91307203853734,
    91.41668491350997,
    91.70863440624773,
    91.96409021239326,
    92.03342821691847,
    92.31078023501934,
    92.5698854098241,
    92.71586015619297,
    92.77060068608131,
    92.71586015619297,
    92.91292606379096,
    92.82534121596964
  ]
}